id,string,url
610U500US09032,Sen. Eric C. Berthel (R),"https://www.cga.ct.gov/asp/CGABillStatus/CGAMemberBills.asp?dist_code='S32'&dist_name=Berthel,%20Eric%20C."
610U500US09026,Sen. Toni Boucher (R),"https://www.cga.ct.gov/asp/CGABillStatus/CGAMemberBills.asp?dist_code='S26'&dist_name=Boucher,%20Toni%20"
610U500US09005,Sen. Beth Bye (D),"https://www.cga.ct.gov/asp/CGABillStatus/CGAMemberBills.asp?dist_code='S05'&dist_name=Bye,%20Beth%20"
610U500US09004,Sen. Steve Cassano (D),"https://www.cga.ct.gov/asp/CGABillStatus/CGAMemberBills.asp?dist_code='S04'&dist_name=Cassano,%20Steve%20"
610U500US09009,Sen. Paul R. Doyle (D),"https://www.cga.ct.gov/asp/CGABillStatus/CGAMemberBills.asp?dist_code='S09'&dist_name=Doyle,%20Paul%20R."
610U500US09025,Sen. Bob Duff (D),"https://www.cga.ct.gov/asp/CGABillStatus/CGAMemberBills.asp?dist_code='S25'&dist_name=Duff,%20Bob%20"
610U500US09034,Sen. Leonard A. Fasano (R),"https://www.cga.ct.gov/asp/CGABillStatus/CGAMemberBills.asp?dist_code='S34'&dist_name=Fasano,%20Leonard%20A."
610U500US09029,Sen. Mae Flexer (D),"https://www.cga.ct.gov/asp/CGABillStatus/CGAMemberBills.asp?dist_code='S29'&dist_name=Flexer,%20Mae%20"
610U500US09001,Sen. John W. Fonfara (D),"https://www.cga.ct.gov/asp/CGABillStatus/CGAMemberBills.asp?dist_code='S01'&dist_name=Fonfara,%20John%20W."
610U500US09020,Sen. Paul M. Formica (R),"https://www.cga.ct.gov/asp/CGABillStatus/CGAMemberBills.asp?dist_code='S20'&dist_name=Formica,%20Paul%20M."
610U500US09036,Sen. L. Scott Frantz (R),"https://www.cga.ct.gov/asp/CGABillStatus/CGAMemberBills.asp?dist_code='S36'&dist_name=Frantz,%20L.%20Scott%20"
610U500US09006,Sen. Terry B. Gerratana (D),"https://www.cga.ct.gov/asp/CGABillStatus/CGAMemberBills.asp?dist_code='S06'&dist_name=Gerratana,%20Terry%20B."
610U500US09023,Sen. Edwin A. Gomes (D),"https://www.cga.ct.gov/asp/CGABillStatus/CGAMemberBills.asp?dist_code='S23'&dist_name=Gomes,%20Edwin%20A."
610U500US09035,Sen. Anthony Guglielmo (R),"https://www.cga.ct.gov/asp/CGABillStatus/CGAMemberBills.asp?dist_code='S35'&dist_name=Guglielmo,%20Anthony%20"
610U500US09015,Sen. Joan V. Hartley (D),"https://www.cga.ct.gov/asp/CGABillStatus/CGAMemberBills.asp?dist_code='S15'&dist_name=Hartley,%20Joan%20V."
610U500US09028,Sen. Tony Hwang (R),"https://www.cga.ct.gov/asp/CGABillStatus/CGAMemberBills.asp?dist_code='S28'&dist_name=Hwang,%20Tony%20"
610U500US09021,Sen. Kevin C. Kelly (R),"https://www.cga.ct.gov/asp/CGABillStatus/CGAMemberBills.asp?dist_code='S21'&dist_name=Kelly,%20Kevin%20C."
610U500US09012,Sen. Ted Kennedy (D),"https://www.cga.ct.gov/asp/CGABillStatus/CGAMemberBills.asp?dist_code='S12'&dist_name=Kennedy,%20Ted%20"
610U500US09007,Sen. John A. Kissel (R),"https://www.cga.ct.gov/asp/CGABillStatus/CGAMemberBills.asp?dist_code='S07'&dist_name=Kissel,%20John%20A."
610U500US09003,Sen. Timothy D. Larson (D),"https://www.cga.ct.gov/asp/CGABillStatus/CGAMemberBills.asp?dist_code='S03'&dist_name=Larson,%20Timothy%20D."
610U500US09027,Sen. Carlo Leone (D),"https://www.cga.ct.gov/asp/CGABillStatus/CGAMemberBills.asp?dist_code='S27'&dist_name=Leone,%20Carlo%20"
610U500US09033,Sen. Art Linares (R),"https://www.cga.ct.gov/asp/CGABillStatus/CGAMemberBills.asp?dist_code='S33'&dist_name=Linares,%20Art%20"
610U500US09017,Sen. George S. Logan (R),"https://www.cga.ct.gov/asp/CGABillStatus/CGAMemberBills.asp?dist_code='S17'&dist_name=Logan,%20George%20S."
610U500US09011,Sen. Martin M. Looney (D),"https://www.cga.ct.gov/asp/CGABillStatus/CGAMemberBills.asp?dist_code='S11'&dist_name=Looney,%20Martin%20M."
610U500US09016,Sen. Joe Markley (R),"https://www.cga.ct.gov/asp/CGABillStatus/CGAMemberBills.asp?dist_code='S16'&dist_name=Markley,%20Joe%20"
610U500US09031,Sen. Henri Martin (R),"https://www.cga.ct.gov/asp/CGABillStatus/CGAMemberBills.asp?dist_code='S31'&dist_name=Martin,%20Henri%20"
610U500US09002,Sen. Douglas McCrory (D),"https://www.cga.ct.gov/asp/CGABillStatus/CGAMemberBills.asp?dist_code='S02'&dist_name=McCrory,%20Douglas%20"
610U500US09024,Sen. Michael A. McLachlan (R),"https://www.cga.ct.gov/asp/CGABillStatus/CGAMemberBills.asp?dist_code='S24'&dist_name=McLachlan,%20Michael%20A."
610U500US09030,Sen. Craig Miner (R),"https://www.cga.ct.gov/asp/CGABillStatus/CGAMemberBills.asp?dist_code='S30'&dist_name=Miner,%20Craig%20"
610U500US09022,Sen. Marilyn V. Moore (D),"https://www.cga.ct.gov/asp/CGABillStatus/CGAMemberBills.asp?dist_code='S22'&dist_name=Moore,%20Marilyn%20V."
610U500US09019,Sen. Catherine A. Osten (D),"https://www.cga.ct.gov/asp/CGABillStatus/CGAMemberBills.asp?dist_code='S19'&dist_name=Osten,%20Catherine%20A."
610U500US09014,Sen. Gayle S. Slossberg (D),"https://www.cga.ct.gov/asp/CGABillStatus/CGAMemberBills.asp?dist_code='S14'&dist_name=Slossberg,%20Gayle%20S."
610U500US09018,Sen. Heather B. Somers (R),"https://www.cga.ct.gov/asp/CGABillStatus/CGAMemberBills.asp?dist_code='S18'&dist_name=Somers,%20Heather%20B."
610U500US09013,Sen. Len Suzio (R),"https://www.cga.ct.gov/asp/CGABillStatus/CGAMemberBills.asp?dist_code='S13'&dist_name=Suzio,%20Len%20"
610U500US09010,Sen. Gary A. Winfield (D),"https://www.cga.ct.gov/asp/CGABillStatus/CGAMemberBills.asp?dist_code='S10'&dist_name=Winfield,%20Gary%20A."
610U500US09008,Sen. Kevin D. Witkos (R),"https://www.cga.ct.gov/asp/CGABillStatus/CGAMemberBills.asp?dist_code='S08'&dist_name=Witkos,%20Kevin%20D."
620L500US09083,Rep. Catherine F. Abercrombie (D),"https://www.cga.ct.gov/asp/CGABillStatus/CGAMemberBills.asp?dist_code='083'&dist_name=Abercrombie,%20Catherine%20F."
620L500US09008,Rep. Tim Ackert (R),"https://www.cga.ct.gov/asp/CGABillStatus/CGAMemberBills.asp?dist_code='008'&dist_name=Ackert,%20Tim%20"
620L500US09146,Rep. Terry B. Adams (D),"https://www.cga.ct.gov/asp/CGABillStatus/CGAMemberBills.asp?dist_code='146'&dist_name=Adams,%20Terry%20B."
620L500US09099,Rep. James M. Albis (D),"https://www.cga.ct.gov/asp/CGABillStatus/CGAMemberBills.asp?dist_code='099'&dist_name=Albis,%20James%20M."
620L500US09082,Rep. Emil Altobello (D),"https://www.cga.ct.gov/asp/CGABillStatus/CGAMemberBills.asp?dist_code='082'&dist_name=Altobello,%20Emil%20"
620L500US09004,Rep. Angel Arce (D),"https://www.cga.ct.gov/asp/CGABillStatus/CGAMemberBills.asp?dist_code='004'&dist_name=Arce,%20Angel%20"
620L500US09109,Rep. David Arconti (D),"https://www.cga.ct.gov/asp/CGABillStatus/CGAMemberBills.asp?dist_code='109'&dist_name=Arconti,%20David%20"
620L500US09030,Rep. Joe Aresimowicz (D),"https://www.cga.ct.gov/asp/CGABillStatus/CGAMemberBills.asp?dist_code='030'&dist_name=Aresimowicz,%20Joe%20"
620L500US09124,Rep. Andre F. Baker (D),"https://www.cga.ct.gov/asp/CGABillStatus/CGAMemberBills.asp?dist_code='124'&dist_name=Baker,%20Andre%20F."
620L500US09053,Rep. Sam Belsito (R),"https://www.cga.ct.gov/asp/CGABillStatus/CGAMemberBills.asp?dist_code='053'&dist_name=Belsito,%20Sam%20"
620L500US09073,Rep. Jeffrey J. Berger (D),"https://www.cga.ct.gov/asp/CGABillStatus/CGAMemberBills.asp?dist_code='073'&dist_name=Berger,%20Jeffrey%20J."
620L500US09078,Rep. Whit Betts (R),"https://www.cga.ct.gov/asp/CGABillStatus/CGAMemberBills.asp?dist_code='078'&dist_name=Betts,%20Whit%20"
620L500US09150,Rep. Mike Bocchino (R),"https://www.cga.ct.gov/asp/CGABillStatus/CGAMemberBills.asp?dist_code='150'&dist_name=Bocchino,%20Mike%20"
620L500US09106,Rep. Mitch Bolinsky (R),"https://www.cga.ct.gov/asp/CGABillStatus/CGAMemberBills.asp?dist_code='106'&dist_name=Bolinsky,%20Mitch%20"
620L500US09115,Rep. Dorinda Borer (D),"https://www.cga.ct.gov/asp/CGABillStatus/CGAMemberBills.asp?dist_code='115'&dist_name=Borer,%20Dorinda%20"
620L500US09050,Rep. Patrick S. Boyd (D),"https://www.cga.ct.gov/asp/CGABillStatus/CGAMemberBills.asp?dist_code='050'&dist_name=Boyd,%20Patrick%20S."
620L500US09067,Rep. Bill Buckbee (R),"https://www.cga.ct.gov/asp/CGABillStatus/CGAMemberBills.asp?dist_code='067'&dist_name=Buckbee,%20Bill%20"
620L500US09072,Rep. Larry B. Butler (D),"https://www.cga.ct.gov/asp/CGABillStatus/CGAMemberBills.asp?dist_code='072'&dist_name=Butler,%20Larry%20B."
620L500US09027,Rep. Gary Byron (R),"https://www.cga.ct.gov/asp/CGABillStatus/CGAMemberBills.asp?dist_code='027'&dist_name=Byron,%20Gary%20"
620L500US09151,Rep. Fred Camillo (R),"https://www.cga.ct.gov/asp/CGABillStatus/CGAMemberBills.asp?dist_code='151'&dist_name=Camillo,%20Fred%20"
620L500US09095,Rep. Juan R. Candelaria (D),"https://www.cga.ct.gov/asp/CGABillStatus/CGAMemberBills.asp?dist_code='095'&dist_name=Candelaria,%20Juan%20R."
620L500US09086,Rep. Vincent J. Candelora (R),"https://www.cga.ct.gov/asp/CGABillStatus/CGAMemberBills.asp?dist_code='086'&dist_name=Candelora,%20Vincent%20J."
620L500US09023,Rep. Devin R. Carney (R),"https://www.cga.ct.gov/asp/CGABillStatus/CGAMemberBills.asp?dist_code='023'&dist_name=Carney,%20Devin%20R."
620L500US09032,Rep. Christie M. Carpino (R),"https://www.cga.ct.gov/asp/CGABillStatus/CGAMemberBills.asp?dist_code='032'&dist_name=Carpino,%20Christie%20M."
620L500US09063,Rep. Jay M. Case (R),"https://www.cga.ct.gov/asp/CGABillStatus/CGAMemberBills.asp?dist_code='063'&dist_name=Case,%20Jay%20M."
620L500US09037,Rep. Holly H. Cheeseman (R),"https://www.cga.ct.gov/asp/CGABillStatus/CGAMemberBills.asp?dist_code='037'&dist_name=Cheeseman,%20Holly%20H."
620L500US09040,Rep. Christine Conley (D),"https://www.cga.ct.gov/asp/CGABillStatus/CGAMemberBills.asp?dist_code='040'&dist_name=Conley,%20Christine%20"
620L500US09065,Rep. Michelle L. Cook (D),"https://www.cga.ct.gov/asp/CGABillStatus/CGAMemberBills.asp?dist_code='065'&dist_name=Cook,%20Michelle%20L."
620L500US09074,Rep. Stephanie E. Cummings (R),"https://www.cga.ct.gov/asp/CGABillStatus/CGAMemberBills.asp?dist_code='074'&dist_name=Cummings,%20Stephanie%20E."
620L500US09011,Rep. Jeff Currey (D),"https://www.cga.ct.gov/asp/CGABillStatus/CGAMemberBills.asp?dist_code='011'&dist_name=Currey,%20Jeff%20"
620L500US09091,Rep. Michael D'Agostino (D),"https://www.cga.ct.gov/asp/CGABillStatus/CGAMemberBills.asp?dist_code='091'&dist_name=D'Agostino,%20Michael%20"
620L500US09071,Rep. Anthony J. D'Amelio (R),"https://www.cga.ct.gov/asp/CGABillStatus/CGAMemberBills.asp?dist_code='071'&dist_name=D'Amelio,%20Anthony%20J."
620L500US09044,Rep. Anne Dauphinais (R),"https://www.cga.ct.gov/asp/CGABillStatus/CGAMemberBills.asp?dist_code='044'&dist_name=Dauphinais,%20Anne%20"
620L500US09057,Rep. Christopher Davis (R),"https://www.cga.ct.gov/asp/CGABillStatus/CGAMemberBills.asp?dist_code='057'&dist_name=Davis,%20Christopher%20"
620L500US09041,Rep. Joe de la Cruz (D),"https://www.cga.ct.gov/asp/CGABillStatus/CGAMemberBills.asp?dist_code='041'&dist_name=de%20la%20Cruz,%20Joe%20"
620L500US09014,Rep. Tom Delnicki (R),"https://www.cga.ct.gov/asp/CGABillStatus/CGAMemberBills.asp?dist_code='014'&dist_name=Delnicki,%20Tom%20"
620L500US09021,Rep. Mike Demicco (D),"https://www.cga.ct.gov/asp/CGABillStatus/CGAMemberBills.asp?dist_code='021'&dist_name=Demicco,%20Mike%20"
620L500US09134,Rep. Laura M. Devlin (R),"https://www.cga.ct.gov/asp/CGABillStatus/CGAMemberBills.asp?dist_code='134'&dist_name=Devlin,%20Laura%20M."
620L500US09092,Rep. Patricia A. Dillon (D),"https://www.cga.ct.gov/asp/CGABillStatus/CGAMemberBills.asp?dist_code='092'&dist_name=Dillon,%20Patricia%20A."
620L500US09116,Rep. Michael A. DiMassa (D),"https://www.cga.ct.gov/asp/CGABillStatus/CGAMemberBills.asp?dist_code='116'&dist_name=DiMassa,%20Michael%20A."
620L500US09047,Rep. Doug Dubitsky (R),"https://www.cga.ct.gov/asp/CGABillStatus/CGAMemberBills.asp?dist_code='047'&dist_name=Dubitsky,%20Doug%20"
620L500US09002,Rep. William Duff (R),"https://www.cga.ct.gov/asp/CGABillStatus/CGAMemberBills.asp?dist_code='002'&dist_name=Duff,%20William%20"
620L500US09135,Rep. Adam Dunsby (R),"https://www.cga.ct.gov/asp/CGABillStatus/CGAMemberBills.asp?dist_code='135'&dist_name=Dunsby,%20Adam%20"
620L500US09088,Rep. Josh Elliott (D),"https://www.cga.ct.gov/asp/CGABillStatus/CGAMemberBills.asp?dist_code='088'&dist_name=Elliott,%20Josh%20"
620L500US09138,Rep. Michael Ferguson (R),"https://www.cga.ct.gov/asp/CGABillStatus/CGAMemberBills.asp?dist_code='138'&dist_name=Ferguson,%20Michael%20"
620L500US09117,Rep. Charles J. Ferraro (R),"https://www.cga.ct.gov/asp/CGABillStatus/CGAMemberBills.asp?dist_code='117'&dist_name=Ferraro,%20Charles%20J."
620L500US09090,Rep. Craig C. Fishbein (R),"https://www.cga.ct.gov/asp/CGABillStatus/CGAMemberBills.asp?dist_code='090'&dist_name=Fishbein,%20Craig%20C."
620L500US09018,Rep. Andrew M. Fleischmann (D),"https://www.cga.ct.gov/asp/CGABillStatus/CGAMemberBills.asp?dist_code='018'&dist_name=Fleischmann,%20Andrew%20M."
620L500US09149,Rep. Livvy R. Floren (R),"https://www.cga.ct.gov/asp/CGABillStatus/CGAMemberBills.asp?dist_code='149'&dist_name=Floren,%20Livvy%20R."
620L500US09148,Rep. Daniel J. Fox (D),"https://www.cga.ct.gov/asp/CGABillStatus/CGAMemberBills.asp?dist_code='148'&dist_name=Fox,%20Daniel%20J."
620L500US09042,Rep. Mike France (R),"https://www.cga.ct.gov/asp/CGABillStatus/CGAMemberBills.asp?dist_code='042'&dist_name=France,%20Mike%20"
620L500US09111,Rep. John H. Frey (R),"https://www.cga.ct.gov/asp/CGABillStatus/CGAMemberBills.asp?dist_code='111'&dist_name=Frey,%20John%20H."
620L500US09081,Rep. John Fusco (R),"https://www.cga.ct.gov/asp/CGABillStatus/CGAMemberBills.asp?dist_code='081'&dist_name=Fusco,%20John%20"
620L500US09010,Rep. Henry J. Genga (D),"https://www.cga.ct.gov/asp/CGABillStatus/CGAMemberBills.asp?dist_code='010'&dist_name=Genga,%20Henry%20J."
620L500US09104,Rep. Linda M. Gentile (D),"https://www.cga.ct.gov/asp/CGABillStatus/CGAMemberBills.asp?dist_code='104'&dist_name=Gentile,%20Linda%20M."
620L500US09110,Rep. Bob Godfrey (D),"https://www.cga.ct.gov/asp/CGABillStatus/CGAMemberBills.asp?dist_code='110'&dist_name=Godfrey,%20Bob%20"
620L500US09003,Rep. Minnie Gonzalez (D),"https://www.cga.ct.gov/asp/CGABillStatus/CGAMemberBills.asp?dist_code='003'&dist_name=Gonzalez,%20Minnie%20"
620L500US09055,Rep. Robin Green (R),"https://www.cga.ct.gov/asp/CGABillStatus/CGAMemberBills.asp?dist_code='055'&dist_name=Green,%20Robin%20"
620L500US09121,Rep. Joseph P. Gresko (D),"https://www.cga.ct.gov/asp/CGABillStatus/CGAMemberBills.asp?dist_code='121'&dist_name=Gresko,%20Joseph%20P."
620L500US09029,Rep. Antonio Guerrera (D),"https://www.cga.ct.gov/asp/CGABillStatus/CGAMemberBills.asp?dist_code='029'&dist_name=Guerrera,%20Antonio%20"
620L500US09054,Rep. Gregory Haddad (D),"https://www.cga.ct.gov/asp/CGABillStatus/CGAMemberBills.asp?dist_code='054'&dist_name=Haddad,%20Gregory%20"
620L500US09059,Rep. Carol Hall (R),"https://www.cga.ct.gov/asp/CGABillStatus/CGAMemberBills.asp?dist_code='059'&dist_name=Hall,%20Carol%20"
620L500US09007,Rep. Joshua Malik Hall (D),"https://www.cga.ct.gov/asp/CGABillStatus/CGAMemberBills.asp?dist_code='007'&dist_name=Hall,%20Joshua%20Malik"
620L500US09016,Rep. John K. Hampton (D),"https://www.cga.ct.gov/asp/CGABillStatus/CGAMemberBills.asp?dist_code='016'&dist_name=Hampton,%20John%20K."
620L500US09107,Rep. Stephen G. Harding (R),"https://www.cga.ct.gov/asp/CGABillStatus/CGAMemberBills.asp?dist_code='107'&dist_name=Harding,%20Stephen%20G."
620L500US09127,"Rep. John ""Jack"" F. Hennessy (D)","https://www.cga.ct.gov/asp/CGABillStatus/CGAMemberBills.asp?dist_code='127'&dist_name=Hennessy,%20John%20"
620L500US09120,Rep. Laura R. Hoydick (R),"https://www.cga.ct.gov/asp/CGABillStatus/CGAMemberBills.asp?dist_code='120'&dist_name=Hoydick,%20Laura%20R."
620L500US09049,Rep. Susan M. Johnson (D),"https://www.cga.ct.gov/asp/CGABillStatus/CGAMemberBills.asp?dist_code='049'&dist_name=Johnson,%20Susan%20M."
620L500US09012,Rep. Kelly J. Juleson-Scopino (D),"https://www.cga.ct.gov/asp/CGABillStatus/CGAMemberBills.asp?dist_code='012'&dist_name=Juleson-Scopino,%20Kelly%20J."
620L500US09114,Rep. Themis Klarides (R),"https://www.cga.ct.gov/asp/CGABillStatus/CGAMemberBills.asp?dist_code='114'&dist_name=Klarides,%20Themis%20"
620L500US09105,Rep. Nicole Klarides-Ditria (R),"https://www.cga.ct.gov/asp/CGABillStatus/CGAMemberBills.asp?dist_code='105'&dist_name=Klarides-Ditria,%20Nicole%20"
620L500US09101,Rep. Noreen S. Kokoruda (R),"https://www.cga.ct.gov/asp/CGABillStatus/CGAMemberBills.asp?dist_code='101'&dist_name=Kokoruda,%20Noreen%20S."
620L500US09132,Rep. Brenda L. Kupchick (R),"https://www.cga.ct.gov/asp/CGABillStatus/CGAMemberBills.asp?dist_code='132'&dist_name=Kupchick,%20Brenda%20L."
620L500US09131,Rep. David K. Labriola (R),"https://www.cga.ct.gov/asp/CGABillStatus/CGAMemberBills.asp?dist_code='131'&dist_name=Labriola,%20David%20K."
620L500US09143,Rep. Gail Lavielle (R),"https://www.cga.ct.gov/asp/CGABillStatus/CGAMemberBills.asp?dist_code='143'&dist_name=Lavielle,%20Gail%20"
620L500US09017,Rep. Timothy B. LeGeyt (R),"https://www.cga.ct.gov/asp/CGABillStatus/CGAMemberBills.asp?dist_code='017'&dist_name=LeGeyt,%20Timothy%20B."
620L500US09096,Rep. Roland J. Lemar (D),"https://www.cga.ct.gov/asp/CGABillStatus/CGAMemberBills.asp?dist_code='096'&dist_name=Lemar,%20Roland%20J."
620L500US09100,Rep. Matthew Lesser (D),"https://www.cga.ct.gov/asp/CGABillStatus/CGAMemberBills.asp?dist_code='100'&dist_name=Lesser,%20Matthew%20"
620L500US09103,Rep. Liz Linehan (D),"https://www.cga.ct.gov/asp/CGABillStatus/CGAMemberBills.asp?dist_code='103'&dist_name=Linehan,%20Liz%20"
620L500US09024,Rep. Rick Lopes (D),"https://www.cga.ct.gov/asp/CGABillStatus/CGAMemberBills.asp?dist_code='024'&dist_name=Lopes,%20Rick%20"
620L500US09035,Rep. Jesse MacLachlan (R),"https://www.cga.ct.gov/asp/CGABillStatus/CGAMemberBills.asp?dist_code='035'&dist_name=MacLachlan,%20Jesse%20"
620L500US09133,Rep. Cristin McCarthy Vahey (D),"https://www.cga.ct.gov/asp/CGABillStatus/CGAMemberBills.asp?dist_code='133'&dist_name=McCarthy%20Vahey,%20Cristin%20"
620L500US09038,Rep. Kathleen M. McCarty (R),"https://www.cga.ct.gov/asp/CGABillStatus/CGAMemberBills.asp?dist_code='038'&dist_name=McCarty,%20Kathleen%20M."
620L500US09005,Rep. Brandon L. McGee (D),"https://www.cga.ct.gov/asp/CGABillStatus/CGAMemberBills.asp?dist_code='005'&dist_name=McGee,%20Brandon%20L."
620L500US09122,Rep. Ben McGorty (R),"https://www.cga.ct.gov/asp/CGABillStatus/CGAMemberBills.asp?dist_code='122'&dist_name=McGorty,%20Ben%20"
620L500US09145,Rep. Patricia Billie Miller (D),"https://www.cga.ct.gov/asp/CGABillStatus/CGAMemberBills.asp?dist_code='145'&dist_name=Miller,%20Patricia%20Billie%20"
620L500US09028,Rep. Russell A. Morin (D),"https://www.cga.ct.gov/asp/CGABillStatus/CGAMemberBills.asp?dist_code='028'&dist_name=Morin,%20Russell%20A."
620L500US09140,Rep. Bruce V. Morris (D),"https://www.cga.ct.gov/asp/CGABillStatus/CGAMemberBills.asp?dist_code='140'&dist_name=Morris,%20Bruce%20V."
620L500US09085,Rep. Mary M. Mushinsky (D),"https://www.cga.ct.gov/asp/CGABillStatus/CGAMemberBills.asp?dist_code='085'&dist_name=Mushinsky,%20Mary%20M."
620L500US09125,Rep. Tom O'Dea (R),"https://www.cga.ct.gov/asp/CGABillStatus/CGAMemberBills.asp?dist_code='125'&dist_name=O'Dea,%20Tom%20"
620L500US09069,Rep. Arthur J. O'Neill (R),"https://www.cga.ct.gov/asp/CGABillStatus/CGAMemberBills.asp?dist_code='069'&dist_name=O'Neill,%20Arthur%20J."
620L500US09064,Rep. Brian M. Ohler (R),"https://www.cga.ct.gov/asp/CGABillStatus/CGAMemberBills.asp?dist_code='064'&dist_name=Ohler,%20Brian%20M."
620L500US09048,Rep. Linda A. Orange (D),"https://www.cga.ct.gov/asp/CGABillStatus/CGAMemberBills.asp?dist_code='048'&dist_name=Orange,%20Linda%20A."
620L500US09097,Rep. Alphonse Paolillo (D),"https://www.cga.ct.gov/asp/CGABillStatus/CGAMemberBills.asp?dist_code='097'&dist_name=Paolillo,%20Alphonse%20"
620L500US09077,Rep. Cara Christine Pavalock-D'Amato (R),"https://www.cga.ct.gov/asp/CGABillStatus/CGAMemberBills.asp?dist_code='077'&dist_name=Pavalock-D'Amato,%20Cara%20Christine%20"
620L500US09113,Rep. Jason Perillo (R),"https://www.cga.ct.gov/asp/CGABillStatus/CGAMemberBills.asp?dist_code='113'&dist_name=Perillo,%20Jason%20"
620L500US09137,Rep. Chris Perone (D),"https://www.cga.ct.gov/asp/CGABillStatus/CGAMemberBills.asp?dist_code='137'&dist_name=Perone,%20Chris%20"
620L500US09022,Rep. William A. Petit (R),"https://www.cga.ct.gov/asp/CGABillStatus/CGAMemberBills.asp?dist_code='022'&dist_name=Petit,%20William%20A."
620L500US09076,Rep. John E. Piscopo (R),"https://www.cga.ct.gov/asp/CGABillStatus/CGAMemberBills.asp?dist_code='076'&dist_name=Piscopo,%20John%20E."
620L500US09068,Rep. Joe Polletta (R),"https://www.cga.ct.gov/asp/CGABillStatus/CGAMemberBills.asp?dist_code='068'&dist_name=Polletta,%20Joe%20"
620L500US09094,Rep. Robyn A. Porter (D),"https://www.cga.ct.gov/asp/CGABillStatus/CGAMemberBills.asp?dist_code='094'&dist_name=Porter,%20Robyn%20A."
620L500US09070,Rep. Rosa C. Rebimbas (R),"https://www.cga.ct.gov/asp/CGABillStatus/CGAMemberBills.asp?dist_code='070'&dist_name=Rebimbas,%20Rosa%20C."
620L500US09102,Rep. Lonnie Reed (D),"https://www.cga.ct.gov/asp/CGABillStatus/CGAMemberBills.asp?dist_code='102'&dist_name=Reed,%20Lonnie%20"
620L500US09075,Rep. Geraldo C. Reyes (D),"https://www.cga.ct.gov/asp/CGABillStatus/CGAMemberBills.asp?dist_code='075'&dist_name=Reyes,%20Geraldo%20C.%20"
620L500US09046,Rep. Emmett D. Riley (D),"https://www.cga.ct.gov/asp/CGABillStatus/CGAMemberBills.asp?dist_code='046'&dist_name=Riley,%20Emmett%20D."
620L500US09001,Rep. Matthew Ritter (D),"https://www.cga.ct.gov/asp/CGABillStatus/CGAMemberBills.asp?dist_code='001'&dist_name=Ritter,%20Matthew%20"
620L500US09009,Rep. Jason Rojas (D),"https://www.cga.ct.gov/asp/CGABillStatus/CGAMemberBills.asp?dist_code='009'&dist_name=Rojas,%20Jason%20"
620L500US09128,Rep. Christopher Rosario (D),"https://www.cga.ct.gov/asp/CGABillStatus/CGAMemberBills.asp?dist_code='128'&dist_name=Rosario,%20Christopher%20"
620L500US09118,Rep. Kim Rose (D),"https://www.cga.ct.gov/asp/CGABillStatus/CGAMemberBills.asp?dist_code='118'&dist_name=Rose,%20Kim%20"
620L500US09051,Rep. Daniel S. Rovero (D),"https://www.cga.ct.gov/asp/CGABillStatus/CGAMemberBills.asp?dist_code='051'&dist_name=Rovero,%20Daniel%20S."
620L500US09123,Rep. David Rutigliano (R),"https://www.cga.ct.gov/asp/CGABillStatus/CGAMemberBills.asp?dist_code='123'&dist_name=Rutigliano,%20David%20"
620L500US09139,Rep. Kevin Ryan (D),"https://www.cga.ct.gov/asp/CGABillStatus/CGAMemberBills.asp?dist_code='139'&dist_name=Ryan,%20Kevin%20"
620L500US09080,Rep. Robert C. Sampson (R),"https://www.cga.ct.gov/asp/CGABillStatus/CGAMemberBills.asp?dist_code='080'&dist_name=Sampson,%20Robert%20C."
620L500US09025,Rep. Robert Sanchez (D),"https://www.cga.ct.gov/asp/CGABillStatus/CGAMemberBills.asp?dist_code='025'&dist_name=Sanchez,%20Robert%20"
620L500US09084,Rep. Hilda E. Santiago (D),"https://www.cga.ct.gov/asp/CGABillStatus/CGAMemberBills.asp?dist_code='084'&dist_name=Santiago,%20Hilda%20E."
620L500US09130,Rep. Ezequiel Santiago (D),"https://www.cga.ct.gov/asp/CGABillStatus/CGAMemberBills.asp?dist_code='130'&dist_name=Santiago,%20Ezequiel%20"
620L500US09098,Rep. Sean Scanlon (D),"https://www.cga.ct.gov/asp/CGABillStatus/CGAMemberBills.asp?dist_code='098'&dist_name=Scanlon,%20Sean%20"
620L500US09015,Rep. VACANT SEAT (),"https://www.cga.ct.gov/asp/CGABillStatus/CGAMemberBills.asp?dist_code='015'&dist_name=SEAT,%20VACANT%20"
620L500US09033,Rep. Joseph C. Serra (D),"https://www.cga.ct.gov/asp/CGABillStatus/CGAMemberBills.asp?dist_code='033'&dist_name=Serra,%20Joseph%20C."
620L500US09036,Rep. Robert W. Siegrist (R),"https://www.cga.ct.gov/asp/CGABillStatus/CGAMemberBills.asp?dist_code='036'&dist_name=Siegrist,%20Robert%20W."
620L500US09062,Rep. Bill Simanski (R),"https://www.cga.ct.gov/asp/CGABillStatus/CGAMemberBills.asp?dist_code='062'&dist_name=Simanski,%20Bill%20"
620L500US09144,Rep. Caroline Simmons (D),"https://www.cga.ct.gov/asp/CGABillStatus/CGAMemberBills.asp?dist_code='144'&dist_name=Simmons,%20Caroline%20"
620L500US09045,Rep. Kevin Skulczyck (R),"https://www.cga.ct.gov/asp/CGABillStatus/CGAMemberBills.asp?dist_code='045'&dist_name=Skulczyck,%20Kevin%20"
620L500US09019,Rep. Derek Slap (D),"https://www.cga.ct.gov/asp/CGABillStatus/CGAMemberBills.asp?dist_code='019'&dist_name=Slap,%20Derek%20"
620L500US09108,Rep. Richard A. Smith (R),"https://www.cga.ct.gov/asp/CGABillStatus/CGAMemberBills.asp?dist_code='108'&dist_name=Smith,%20Richard%20A."
620L500US09039,Rep. Chris Soto (D),"https://www.cga.ct.gov/asp/CGABillStatus/CGAMemberBills.asp?dist_code='039'&dist_name=Soto,%20Chris%20"
620L500US09112,Rep. J.P. Sredzinski (R),"https://www.cga.ct.gov/asp/CGABillStatus/CGAMemberBills.asp?dist_code='112'&dist_name=Sredzinski,%20J.P.%20"
620L500US09031,Rep. Prasad Srinivasan (R),"https://www.cga.ct.gov/asp/CGABillStatus/CGAMemberBills.asp?dist_code='031'&dist_name=Srinivasan,%20Prasad%20"
620L500US09129,Rep. Steven J. Stafstrom (D),"https://www.cga.ct.gov/asp/CGABillStatus/CGAMemberBills.asp?dist_code='129'&dist_name=Stafstrom,%20Steven%20J."
620L500US09126,Rep. Charlie L. Stallworth (D),"https://www.cga.ct.gov/asp/CGABillStatus/CGAMemberBills.asp?dist_code='126'&dist_name=Stallworth,%20Charlie%20L."
620L500US09119,Rep. Pam Staneski (R),"https://www.cga.ct.gov/asp/CGABillStatus/CGAMemberBills.asp?dist_code='119'&dist_name=Staneski,%20Pam%20"
620L500US09136,Rep. Jonathan Steinberg (D),"https://www.cga.ct.gov/asp/CGABillStatus/CGAMemberBills.asp?dist_code='136'&dist_name=Steinberg,%20Jonathan%20"
620L500US09058,Rep. Greg Stokes (R),"https://www.cga.ct.gov/asp/CGABillStatus/CGAMemberBills.asp?dist_code='058'&dist_name=Stokes,%20Greg%20"
620L500US09060,Rep. Scott A. Storms (R),"https://www.cga.ct.gov/asp/CGABillStatus/CGAMemberBills.asp?dist_code='060'&dist_name=Storms,%20Scott%20A."
620L500US09026,Rep. Peter A. Tercyak (D),"https://www.cga.ct.gov/asp/CGABillStatus/CGAMemberBills.asp?dist_code='026'&dist_name=Tercyak,%20Peter%20A."
620L500US09147,Rep. William Tong (D),"https://www.cga.ct.gov/asp/CGABillStatus/CGAMemberBills.asp?dist_code='147'&dist_name=Tong,%20William%20"
620L500US09013,Rep. Mark Tweedie (R),"https://www.cga.ct.gov/asp/CGABillStatus/CGAMemberBills.asp?dist_code='013'&dist_name=Tweedie,%20Mark%20"
620L500US09043,Rep. Diana S. Urban (D),"https://www.cga.ct.gov/asp/CGABillStatus/CGAMemberBills.asp?dist_code='043'&dist_name=Urban,%20Diana%20S."
620L500US09052,Rep. Kurt Vail (R),"https://www.cga.ct.gov/asp/CGABillStatus/CGAMemberBills.asp?dist_code='052'&dist_name=Vail,%20Kurt%20"
620L500US09006,Rep. Edwin Vargas (D),"https://www.cga.ct.gov/asp/CGABillStatus/CGAMemberBills.asp?dist_code='006'&dist_name=Vargas,%20Edwin%20"
620L500US09020,Rep. Joe Verrengia (D),"https://www.cga.ct.gov/asp/CGABillStatus/CGAMemberBills.asp?dist_code='020'&dist_name=Verrengia,%20Joe%20"
620L500US09093,Rep. Toni E. Walker (D),"https://www.cga.ct.gov/asp/CGABillStatus/CGAMemberBills.asp?dist_code='093'&dist_name=Walker,%20Toni%20E."
620L500US09142,Rep. Fred Wilms (R),"https://www.cga.ct.gov/asp/CGABillStatus/CGAMemberBills.asp?dist_code='142'&dist_name=Wilms,%20Fred%20"
620L500US09066,Rep. David T. Wilson (R),"https://www.cga.ct.gov/asp/CGABillStatus/CGAMemberBills.asp?dist_code='066'&dist_name=Wilson,%20David%20T."
620L500US09056,Rep. Michael Winkler (D),"https://www.cga.ct.gov/asp/CGABillStatus/CGAMemberBills.asp?dist_code='056'&dist_name=Winkler,%20Michael%20"
620L500US09141,Rep. Terrie E. Wood (R),"https://www.cga.ct.gov/asp/CGABillStatus/CGAMemberBills.asp?dist_code='141'&dist_name=Wood,%20Terrie%20E."
620L500US09087,Rep. Dave W. Yaccarino (R),"https://www.cga.ct.gov/asp/CGABillStatus/CGAMemberBills.asp?dist_code='087'&dist_name=Yaccarino,%20Dave%20W."
620L500US09061,Rep. Tami Zawistowski (R),"https://www.cga.ct.gov/asp/CGABillStatus/CGAMemberBills.asp?dist_code='061'&dist_name=Zawistowski,%20Tami%20"
620L500US09034,Rep. Melissa H. Ziobron (R),"https://www.cga.ct.gov/asp/CGABillStatus/CGAMemberBills.asp?dist_code='034'&dist_name=Ziobron,%20Melissa%20H."
620L500US09079,Rep. Christopher Ziogas (D),"https://www.cga.ct.gov/asp/CGABillStatus/CGAMemberBills.asp?dist_code='079'&dist_name=Ziogas,%20Christopher%20"
620L500US09089,Rep. Lezlye Zupkus (R),"https://www.cga.ct.gov/asp/CGABillStatus/CGAMemberBills.asp?dist_code='089'&dist_name=Zupkus,%20Lezlye%20"
